Từ khóa / câu hỏi mục tiêu,Nhóm nội dung,Trang đích
iPhone 17,Tổng quan,index.html
iPhone 17 là gì,Tổng quan,index.html
iPhone 17 ra mắt khi nào,Thông tin,faq.html
iPhone 17 thông số kỹ thuật,Thông số,specs.html
iPhone 17 màn hình bao nhiêu inch,Màn hình,specs.html
iPhone 17 có 120Hz không,Màn hình,faq.html
iPhone 17 chip gì,Hiệu năng,specs.html
camera iPhone 17 bao nhiêu MP,Camera,features.html
iPhone 17 pin bao lâu,Pin,specs.html
iPhone 17 có 5G không,Kết nối,faq.html
iPhone 17 giá bao nhiêu,Giá ra mắt,guide.html
iPhone 17 256GB hay 512GB,Chọn dung lượng,guide.html
iPhone 17 khác iPhone 16,So sánh,compare.html
iPhone 17 vs iPhone 16,So sánh,compare.html
iPhone 17 có nên nâng cấp,So sánh,compare.html
iPhone 17 có chống nước không,Độ bền,faq.html
iPhone 17 có gì mới,Tính năng,features.html
iPhone 17 màu gì,Thiết kế,faq.html
